<?xml version="1.0"?>
<catalog>
   <book id="bk112">
      <author>Galos, Mike</author>
      <title>Visual Studio 7: A Comprehensive Guide</title>
      <genre>Computer</genre>
      <price>49.95</price>
      <publish_date>2001-04-16</publish_date>
      <description>Microsoft Visual Studio 7 is explored in depth,
      looking at how Visual Basic, Visual C++, C#, and ASP+ are 
      integrated into a comprehensive development 
      environment.</description>
   </book>
<test_cdata><![CDATA[
function matchwo(a,b)
{
if (a < b && a < 0) then
  {
  return 1;
  }
else
  {
  return 0;
  }
}
]]>
</test_cdata>
</catalog>